pid,doi,title,count
knb-lter-cap.1.11,doi:10.6073/pasta/831910ba17d08a342bf624e2753cef0b,"Landuse classification of central Arizona-Phoenix 1912 to 1995",8
knb-lter-cap.1.6,doi:10.6073/pasta/d9521c64e38b1e03ba840429ff96fcdb,"Landuse Classification of Central Arizona Phoenix 1912 to 1995",11
knb-lter-cap.1.9,doi:10.6073/pasta/7eff928fbbc438b7599320450d1f27d1,"Landuse classification of central Arizona-Phoenix 1912 to 1995",11
knb-lter-cap.100.8,doi:10.6073/pasta/e9e3b6021c3b154324200b7c875df446,"Regional E-Atlas of the Greater Phoenix Region: Areas of significant agricultural and residential groundwater use, 1996-2000",3
knb-lter-cap.101.8,doi:10.6073/pasta/6c48db2b3a23b0c4892a86bf7dde1062,"Database of Geographic Information: Change in groundwater level, Central Arizona-Phoenix,1985-2000",5
knb-lter-cap.104.8,doi:10.6073/pasta/75ea71a49bc04a6f9ff1cd85f339194d,"Regional E-Atlas of the Greater Phoenix Region: Particulate Matter (2.5) pollution contours",5
knb-lter-cap.105.8,doi:10.6073/pasta/9b760f5db2a79aafa74cb7ca16dc1b2d,"Regional E-Atlas of the Greater Phoenix Region: PM10 concentration in Greater Phoenix area",3
knb-lter-cap.106.10,doi:10.6073/pasta/20f93459576455a1406d70c2b0099257,"Regional E-Atlas of the Greater Phoenix Region: percentage of population admitted to hospitals and diagnosed with asthma for 1999",2
knb-lter-cap.107.8,doi:10.6073/pasta/0fb877a7406578d8e5f977e5f9251aa1,"Regional E-Atlas of the Greater Phoenix Region: Estimated concentrations of ozone in the Greater Phoenix area, July 26, 1996.",2
knb-lter-cap.109.8,doi:10.6073/pasta/62905a4dd6b21c8f2e8789964824c602,"Regional E-Atlas of the Greater Phoenix Region: prices of single family homes, (new and resale) 2001",2
knb-lter-cap.112.8,doi:10.6073/pasta/ee13676c39676439d963fc505be4cf48,"Regional E-Atlas of the Greater Phoenix Region: high-technology employment clusters, 2000.",2
knb-lter-cap.112.9,doi:10.6073/pasta/82fd83ad9113c35f74a091904a53719e,"Regional E-Atlas of the Greater Phoenix Region: high-technology employment clusters, 2000.",2
knb-lter-cap.113.8,doi:10.6073/pasta/03425faf5b0e94a7c1af79cab57cbbb3,"Century-scale channel changes for the Salt River, central Arizona-Phoenix.",3
knb-lter-cap.114.8,doi:10.6073/pasta/e7184da0c799b98c80c85addc07270c7,"Longterm Water Monitoring, central Arizona-Phoenix: monitoring site locations",3
knb-lter-cap.117.8,doi:10.6073/pasta/89af4cc44f358c9419fcb89bb366184d,"Plant survey of current vegetation, central Arizona Phoenix: desert vegetation site locations.",2
knb-lter-cap.117.9,doi:10.6073/pasta/337b1de5dfa394a7d6eace142639a41e,"Plant survey of current vegetation, central Arizona Phoenix: desert vegetation site locations.",2
knb-lter-cap.119.8,doi:10.6073/pasta/4058ea767741b36dc6210ff80b2c85a4,"Vertebrate species composition of remnant desert islands within urban Phoenix: site locations.",5
knb-lter-cap.120.5,doi:10.6073/pasta/da6462b53805af1178ed023bb11cfce2,"Effects of Urban Horticulture on Insect Pollinator Community Structure: Sites",3
knb-lter-cap.120.8,doi:10.6073/pasta/d2413ed0a6851c8f00898999ea29f468,"Effects of urban horticulture on insect pollinator community structure, central Arizona Phoenix: site locations",2
knb-lter-cap.141.8,doi:10.6073/pasta/28b2705a0f7e563e9c7267411297e8e6,"Distribution of Ragweed Pollen across the greater Phoenix metropolitan area, central Arizona-Phoenix",4
knb-lter-cap.143.8,doi:10.6073/pasta/35f71931f782be54ad761d3fd06a6ed1,"Database of Geographic Information: Hill shade, of the 1:250000 scale Digital Elevation Model of Arizona",2
knb-lter-cap.147.7,doi:10.6073/pasta/3fc012abf15066a9c59ad409ea3a07b6,"Historic records of climate: 50 year climate data summary for the central Arizona-Phoenix metropolitan area",9
knb-lter-cap.156.6,doi:10.6073/pasta/7c9ae80799c6cd92928447284ca574a3,"Urban storm runoff study conducted in the Central Arizona-Phoenix area: study site locations",3
knb-lter-cap.156.9,doi:10.6073/pasta/3cf0b5b63e2b28cf2bf5aa0ff0fcc8d6,"Urban storm runoff study conducted in the central Arizona-Phoenix area: study site locations",2
knb-lter-cap.158.6,doi:10.6073/pasta/9f807b7d99598fbe1a4fd9178a0e38a3,"Scorpions in urban environments in the Central Arizona-Phoenix area: site locations",2
knb-lter-cap.158.9,doi:10.6073/pasta/049aac50b7cadd0def8a0c9bb38a9fd3,"Scorpions in urban environments in the Central Arizona-Phoenix area: site locations",6
knb-lter-cap.159.9,doi:10.6073/pasta/1abfed2c6e1d2a0496ed231bc3a9b207,"Effects of urban horticulture on insect pollinator community structure in the central Arizona-Phoenix area",16
knb-lter-cap.160.10,doi:10.6073/pasta/89a26190eb9d51efbbe57ee598af36cf,"Point count bird censusing - long term study in central Arizona-Phoenix: Study sites",2
knb-lter-cap.160.11,doi:10.6073/pasta/751122afc88cc16b7bbb1695c4d656e6,"Point count bird censusing - long term study in central Arizona-Phoenix: Study sites",5
knb-lter-cap.160.9,doi:10.6073/pasta/7ec54a538b020fb7dc8f4b858ac12dc7,"Point count bird censusing - long term study in central Arizona-Phoenix: Study sites",2
knb-lter-cap.166.8,doi:10.6073/pasta/b92bee7f49ee3c648585b22a25841086,"False color Landsat image of the central Arizona-Phoenix metropolitan area, period 1993",2
knb-lter-cap.169.6,doi:10.6073/pasta/65a4890468a70e5e468a541a693fda67,"Lichen Resurvey with Heavy Metal Analysis: Distribution of Praseodymium concentration in lichen tissue in Maricopa County",2
knb-lter-cap.169.9,doi:10.6073/pasta/06d5e7ff39322844e70edbfe2e8c9240,"Lichen Resurvey with Heavy Metal Analysis: Distribution of Praseodymium concentration in lichen tissue in Maricopa County",2
knb-lter-cap.19.8,doi:10.6073/pasta/839245b6cb7382076865daf94cbef698,"Regional E-Atlas of the Greater Phoenix Region: Population analysis of the Hispanic population within the greater Phoenix area population for 2000.",5
knb-lter-cap.220.6,doi:10.6073/pasta/aa2003a2a6f6daaf7eb627611a33a492,"Database of Geographic Information: Topographic Map of Central Arizona",2
knb-lter-cap.220.9,doi:10.6073/pasta/7d859e3debe8ea4a3a72ff95b8fb8de5,"Database of Geographic Information: Topographic Map of Central Arizona",1
knb-lter-cap.222.9,doi:10.6073/pasta/153821cdb754bafeef9aef34d0ca6756,"Landscape water use efficiency study: central Arizona-Phoenix, 2000-2003",16
knb-lter-cap.223.10,doi:10.6073/pasta/47d4f8b98c9e30e8000859479e0fb9b4,"Century-scale channel change in central Arizona-Phoenix: photographs of selected reaches of the Salt River in different years s",8
knb-lter-cap.223.11,doi:10.6073/pasta/e66f6c05d3ed3fa7d2a5c2f80a4ef1bb,"Century-scale channel change in central Arizona-Phoenix: photographs of selected reaches of the Salt River in different years",8
knb-lter-cap.224.6,doi:10.6073/pasta/4a05a611b56cd112c23de0490a1eebaa,"Database of Geographic Information: Aspect 30_utm",2
knb-lter-cap.224.9,doi:10.6073/pasta/4423790482c209e7ec27cdb13d6e8cba,"Database of Geographic Information: Aspect 30_utm",2
knb-lter-cap.226.10,doi:10.6073/pasta/1b9bf27260e96b3c31262c4066f4b229,"Spatial reference data for the Central Arizona-Phoenix area: change in elevation",2
knb-lter-cap.226.7,doi:10.6073/pasta/354eb86a4553a1f704d9032a604d86f0,"Spatial reference data for the Central Arizona-Phoenix area: change in elevation",2
knb-lter-cap.229.6,doi:10.6073/pasta/a64582eedbd5495a306f445e3601ef22,"Historical Land Use Database: Landuse at one square mile around the survey 200 plots 1980",2
knb-lter-cap.229.9,doi:10.6073/pasta/858fe34e97ad7c4a14f764fa1bf24342,"Historical Land Use Database: Landuse at one square mile around the survey 200 plots 1980",3
knb-lter-cap.23.10,doi:10.6073/pasta/3fca7a8d31f349025221c6eae149b648,"Long-term monitoring of atmospheric deposition in central Arizona-Phoenix: period 1999 to present",18
knb-lter-cap.23.11,doi:10.6073/pasta/65848fbe4c82e3132988a5b1c5c525e6,"Long-term monitoring of atmospheric deposition in central Arizona-Phoenix: period 1999 to present",18
knb-lter-cap.23.12,doi:10.6073/pasta/90b229d1c09f44909ddb8c6c5b4f427a,"Long-term monitoring of atmospheric deposition in central Arizona-Phoenix, ongoing since 1999",18
knb-lter-cap.23.9,doi:10.6073/pasta/dcd970ddb5e44a2ba65c2c17915309c2,"Long-term monitoring of atmospheric deposition in central Arizona-Phoenix: period 1998 to present",18
knb-lter-cap.230.6,doi:10.6073/pasta/776b184e3245b87feeeaf8c5dcdb00cc,"Historical Land Use Database: Landuse at one square mile around the survey 200 plots 1990",2
knb-lter-cap.230.9,doi:10.6073/pasta/1ca324f2a8e77955e02d06d49f800cb6,"Historical Land Use Database: Landuse at one square mile around the survey 200 plots 1990",2
knb-lter-cap.232.6,doi:10.6073/pasta/e8de5d53c94a2f9a8be7a2c68d75ed07,"Historical Land Use Database: Landuse at one square mile around the survey 200 plots 2000",2
knb-lter-cap.232.9,doi:10.6073/pasta/869258e0bf0a3ffe99150bb025b3e021,"Historical Land Use Database: Landuse at one square mile around the survey 200 plots 2000",2
knb-lter-cap.233.5,doi:10.6073/pasta/36409e570972690d604327a7592e5167,"SAVI (Modified Soil Adjusted vegetation index) Image of 2003 ASTER image",2
knb-lter-cap.233.8,doi:10.6073/pasta/db9dcef8637caa96ad241292d6fc0530,"Modified Soil Adjusted Vegetation Index, (M)SAVI image of 2003 ASTER image",1
knb-lter-cap.236.6,doi:10.6073/pasta/6b01b8f8d27128c993eac878a248e7cd,"NDVI (Normalized difference vegetation index) Image of 2000 Enhanced Landsat Thematic Mapper Image",2
knb-lter-cap.236.9,doi:10.6073/pasta/5378cab8f1e428c27f54f9c3f0fa3c3d,"Normalized Difference Vegetation Index (NVDI) image of 2000 Landsat Enhanced Thematic Mapper image",3
knb-lter-cap.237.6,doi:10.6073/pasta/085f337ed217679e5d41f7ef0123e9df,"SAVI (Soil Adjusted Vegetation Index) Image of 2000 Enhanced Landsat Thematic Mapper(ETM) Image",2
knb-lter-cap.237.9,doi:10.6073/pasta/f3707f21dc2390048d308b19f7d25c1a,"Soil Adjusted Vegetation Index (SAVI) image of 2000 Landsat Enhanced Thematic Mapper (ETM) image",2
knb-lter-cap.238.6,doi:10.6073/pasta/6071e377a818e6edc8e74a9dbec455bb,"NDVI (Normalized difference vegetation index) Image of 1975 Landsat MSS Image",2
knb-lter-cap.238.8,doi:10.6073/pasta/2d492e3709a272d694cbbeeea4bcff41,"NDVI (Normalized difference vegetation index) Image of 1975 Landsat MSS Image",3
knb-lter-cap.239.6,doi:10.6073/pasta/d7a3e2d872375d238f881c14d81b1658,"SAVI (Soil Adjusted Vegetation Index) Image of 1975 Landsat MSS Image",2
knb-lter-cap.239.8,doi:10.6073/pasta/786aed5ca4c425b60d45ddbc187c9f33,"SAVI (Soil Adjusted Vegetation Index) Image of 1975 Landsat MSS Image",2
knb-lter-cap.24.9,doi:10.6073/pasta/d6b5ed62d34f76d4ec064a2dabcf9b32,"Regional E-Atlas of the Greater Phoenix Region: General Age of Adults (21 to 74 Years), 2000",4
knb-lter-cap.240.6,doi:10.6073/pasta/195292df46a399436b64314de93d94f7,"NDVI (Normalized difference vegetation index) Image of 1980 Landsat MSS Image",2
knb-lter-cap.240.8,doi:10.6073/pasta/3d7b38107dd47c9f55803a44c55e5a0d,"NDVI (Normalized difference vegetation index) Image of 1980 Landsat MSS Image",2
knb-lter-cap.241.5,doi:10.6073/pasta/358340819a667d40bae72ef58658744c,"SAVI (Soil Adjusted Vegetation Index) Image of 1980 Landsat MSS Image",2
knb-lter-cap.241.7,doi:10.6073/pasta/f1fbac7a898e4f7f87c00159cc37a9bc,"SAVI (Soil Adjusted Vegetation Index) Image of 1980 Landsat MSS Image",2
knb-lter-cap.245.9,doi:10.6073/pasta/3a4839f257d303b8f746cea5ba15f8d2,"Arizona Meterological Network (azmet) location of weather stations",4
knb-lter-cap.247.9,doi:10.6073/pasta/967554da6f5dc94344d1200ae83a365a,"Microclimate measurement, HOBO stations at permanent plots, sites",2
knb-lter-cap.248.10,doi:10.6073/pasta/1ab5e67af294ff094c14c4e2ad3a9417,"Landuse classification map for the Central Arizona-Phoenix area for the year 2000",3
knb-lter-cap.248.7,doi:10.6073/pasta/8df3ff2e41eb9c6851404cbc22fb87ac,"Landuse classification map for the Central Arizona-Phoenix area for the year 2000",3
knb-lter-cap.250.6,doi:10.6073/pasta/0b2db903ec54fa4afedb80ce821ad533,"Land cover classification using ASTER data - year 2000",2
knb-lter-cap.250.9,doi:10.6073/pasta/5ba45bb40ee4649f3b44ddf4b5395824,"Land cover classification using ASTER data - year 2000",1
knb-lter-cap.254.8,doi:10.6073/pasta/42c088d6efadbac5b5480cffa2dbe6b5,"Longterm monitoring of primary productivity of trees: Sites",6
knb-lter-cap.255.8,doi:10.6073/pasta/1095d9bca1b95f23fb01653d7b835193,"Longterm monitoring of primary productivity of trees",24
knb-lter-cap.256.9,doi:10.6073/pasta/bff8e94e254c9317fa42c86f413a46ce,"Ecological and social Interactions in urban parks: bird surveys in local parks in the central Arizona-Phoenix metropolitan area",10
knb-lter-cap.257.9,doi:10.6073/pasta/5e6f22a7fe6a324f4a73527cc1fb3045,"Ecological and social interactions in urban parks in central Arizona-Phoenix: site locations",5
knb-lter-cap.258.10,doi:10.6073/pasta/32da7539b65c00a39ba0574c4c49ca79,"Dissolved organic carbon dynamics in an urban desert stream ecosystem in central Arizona-Phoenix: site locations",2
knb-lter-cap.258.9,doi:10.6073/pasta/dc3d1dc12e9a95e0aab83b0a53da2e91,"Dissolved organic carbon dynamics in an urban desert stream ecosystem in central Arizona-Phoenix: site locations",3
knb-lter-cap.259.8,doi:10.6073/pasta/2f19bdbca0a7dbc4dad8c115dab7a446,"Dissolved organic carbon dynamics in an urban desert stream ecosystem in central Arizona-Phoenix",18
knb-lter-cap.259.9,doi:10.6073/pasta/de9e9329a7b342302364bf8811b3d620,"Dissolved organic carbon dynamics in an urban desert stream ecosystem in central Arizona-Phoenix",18
knb-lter-cap.261.8,doi:10.6073/pasta/37eddcb50f19429b5c736774e297dca7,"ADEQ (Arizona Department of Water Quality) database on well water chemistry and discharge for the Phoenix area, locations of the wells.",4
knb-lter-cap.266.6,doi:10.6073/pasta/9f9b5756114da859c64a1e2fbe78fb09,"Survey 200 - Periodic survey of multiple sites in central Arizona-Phoenix: Annuals",1
knb-lter-cap.266.7,doi:10.6073/pasta/98321a029fefba3f177eae27a4e6837f,"Survey 200 - Periodic survey of multiple sites in central Arizona-Phoenix: Annuals",1
knb-lter-cap.267.7,doi:10.6073/pasta/eb1cdedcf14ea8e1a462ef073ffac40a,"Survey 200 long term study of multiple sites in central Arizona-Phoenix: arthropod sweepnet samples",1
knb-lter-cap.267.8,doi:10.6073/pasta/3f0f06f84a489b2c237989378b9b7dc9,"Survey 200 long term study of multiple sites in central Arizona-Phoenix: arthropod sweepnet samples",2
knb-lter-cap.268.6,doi:10.6073/pasta/c00f28f93e5e0a03a9fce7aacca8133a,"Survey 200 long term study of multiple sites in central Arizona-Phoenix: Cacti",2
knb-lter-cap.268.7,doi:10.6073/pasta/35825bbfb8f901837d7f7c3648986726,"Survey 200 long term study of multiple sites in central Arizona-Phoenix: Cacti",3
knb-lter-cap.269.7,doi:10.6073/pasta/d2d1c3e5145b5bec535299a0a420d550,"Survey 200 long term study of multiple sites in central Arizona-Phoenix: historic landuse",2
knb-lter-cap.27.9,doi:10.6073/pasta/53d94ef480d1e25b27eb7a1072be1940,"Digital Elevation Model (AZ 7.5 - Minute)",1
knb-lter-cap.270.6,doi:10.6073/pasta/b4395850edbbbf7517465f7ac400432c,"Hierarchical Bayesian scaling of soil properties across urban, agricultural, and desert ecosystems in central Arizona-Phoenix",2
knb-lter-cap.271.9,doi:10.6073/pasta/989540310ffd93cd2ee8cb85508e5d39,"Hierarchical spatial modeling of multiple soil nutrients and carbon in heterogeneous landuse patches of the central Arizona-Phoenix research area, from 1999 to 2006.",2
knb-lter-cap.272.7,doi:10.6073/pasta/c371f688a9242f676e89a61fd0b90cd7,"Survey 200 long term study of multiple sites in central Arizona-Phoenix: landuse",2
knb-lter-cap.272.8,doi:10.6073/pasta/6e3636e85deecd9edc4ccfb41bf0e4e4,"Survey 200 long term study of multiple sites in central Arizona-Phoenix: landuse",2
knb-lter-cap.273.6,doi:10.6073/pasta/136261c9f2d53b27ec9f4d50779075f9,"Biodiversity of arbuscular mycorrhizal fungi in central Arizona-Phoenix",2
knb-lter-cap.274.6,doi:10.6073/pasta/b096ee70f18c0906ac3a4abef3bb3f42,"Survey 200 long term study of multiple sites in central Arizona-Phoenix: neighborhood characteristics",5
knb-lter-cap.274.7,doi:10.6073/pasta/9030e7190b58c40cf922ef0359e62955,"Survey 200 long term study of multiple sites in central Arizona-Phoenix: neighborhood characteristics",5
knb-lter-cap.276.7,doi:10.6073/pasta/e8c64b4b35972afca4a211d0f283f9b9,"Survey 200 long term study of multiple sites in central Arizona-Phoenix: human activity related measurements",3
knb-lter-cap.276.8,doi:10.6073/pasta/8e4f884251fbbf1dad06c4d6400a4d98,"Survey 200 long term study of multiple sites in central Arizona-Phoenix: human activity related measurements",3
knb-lter-cap.277.7,doi:10.6073/pasta/2d19ae22f928888733ecbdc0b962d0f7,"Survey 200 long term study of multiple sites in central Arizona-Phoenix: pollen",1
knb-lter-cap.277.8,doi:10.6073/pasta/53889f7c74e4a1f5f1fdefaf7d17e0db,"Survey 200 long term study of multiple sites in central Arizona-Phoenix: pollen",1
knb-lter-cap.278.11,doi:10.6073/pasta/63d8644376650976b88a9ab255595ccc,"Survey 200 long term study of multiple sites in central Arizona-Phoenix",0
knb-lter-cap.278.12,doi:10.6073/pasta/9bacb18c7d23d5dcc36cfafb5fd147d9,"Survey 200 long term study of multiple sites in central Arizona-Phoenix: decomposition, mycorrhizae, and on-site climate - survey year 2000",9
knb-lter-cap.278.9,doi:10.6073/pasta/3dde5edf14ad0958f3792159248ffcf0,"Survey 200 long term study of multiple sites in central Arizona-Phoenix",48
knb-lter-cap.28.9,doi:10.6073/pasta/1e9e3fc3f6edab3324be52a017ac28f2,"Digital Elevation Model (AZ 250,000:1)",1
knb-lter-cap.280.6,doi:10.6073/pasta/3434149231003bdd9cd1545147e367c4,"Survey 200 long term study of multiple sites in central Arizona-Phoenix: shrubs",4
knb-lter-cap.281.10,doi:10.6073/pasta/ec362d9ccd06ec9407bda4ff4f3a4097,"Ecological Survey of Central Arizona: soil chemistry and soil properties in the greater Phoenix metropolitan area and surrounding Sonoran desert, survey year 2000",0
knb-lter-cap.281.11,doi:10.6073/pasta/17b8aa9048ed5b1ce3d48c60dcc6dd94,"Ecological Survey of Central Arizona: soil chemistry and soil properties in the greater Phoenix metropolitan area and surrounding Sonoran desert, survey year 2000",26
knb-lter-cap.281.8,doi:10.6073/pasta/1b82f7411538be4c36755f9b21436048,"Survey 200 long term study of multiple sites in central Arizona-Phoenix: soils",26
knb-lter-cap.281.9,doi:10.6073/pasta/1d36f8a97bacd3d3fe4f26651edbc4c3,"Survey 200 long term study of multiple sites in central Arizona-Phoenix: soils",13
knb-lter-cap.282.6,doi:10.6073/pasta/181c3f6c7820a32fef85e2d08494a49f,"Survey 200 long term study of multiple sites in central Arizona-Phoenix: trees",2
knb-lter-cap.282.7,doi:10.6073/pasta/adec5f68df92d7d272aff80324f28b50,"Survey 200 long term study of multiple sites in central Arizona-Phoenix: trees",2
knb-lter-cap.283.7,doi:10.6073/pasta/18632f0c6a5be89aecb780e9a626aa5e,"Atmospheric particle deposition on mesquite leaves in the central Arizona-Phoenix area",16
knb-lter-cap.284.10,doi:10.6073/pasta/54851589bf6870f21815e5f8a21b7d53,"Plant survey of current vegetation of Sonoran desert plant community distribution in mountain parks in central Arizona-Phoenix, August 1999.",2
knb-lter-cap.284.5,doi:10.6073/pasta/2afba6bab0a70aef6dfb1da7103dc846,"Plant Survey of Current Vegetation: MAP OF SONORAN DESERT PLANT COMMUNITY DISTRIBUTION IN MOUNTAIN PARKS OF THE CAPLTER STUDY AREA, PHOENIX, ARIZONA",2
knb-lter-cap.285.5,doi:10.6073/pasta/c21295f5220694de76211d4d20467fc5,"Plant Survey of Current Vegetation: MAP OF SONORAN DESERT PLANT COMMUNITY DISTRIBUTION IN THE CAPLTER STUDY AREA, PHOENIX, ARIZONA",2
knb-lter-cap.286.8,doi:10.6073/pasta/94985246e4c29900e106d2b911a08624,"Land cover classification of the central Arizona-Phoenix area using Landsat (MSS) data - year 1973",2
knb-lter-cap.288.6,doi:10.6073/pasta/f4b96a6ad01623550cc24b832b1a7e0b,"Assessing Biodiversity of Arbuscular Mycorrhizal Fungi: Mycorrhiza Sites",2
knb-lter-cap.288.9,doi:10.6073/pasta/ab560294f831338de9311baed1623595,"Assessing biodiversity of arbuscular mycorrhizal fungi: sample sites",4
knb-lter-cap.29.9,doi:10.6073/pasta/45d5b496819bb94d4d75ea4a092c2a03,"Land use effects on temperature and humidity along an urban-rural transect gradient in central Arizona-Phoenix: site locations",4
knb-lter-cap.291.5,doi:10.6073/pasta/a6f1a42dd9982b963030923e34d411ef,"Phoenix Area Social Survey I, Sites",2
knb-lter-cap.291.8,doi:10.6073/pasta/043932dfb8d5b513e54f5762e6de6426,"Phoenix Area Social Survey I, Sites",2
knb-lter-cap.295.8,doi:10.6073/pasta/543aa2839b62f3b7e8174a91c61e2877,"Inorganic nutrient dynamics in the lower Indian Bend Wash watershed: period 2002-2003",46
knb-lter-cap.30.8,doi:10.6073/pasta/d00583456729f78876965e4cc827f406,"Ecology Explorers educational data: arthropod data from multiple school locations in the central Arizona-Phoenix area",8
knb-lter-cap.30.9,doi:10.6073/pasta/c478beec4c64059df7179bbcee111ddc,"Ecology Explorers educational data: arthropod data from multiple school locations in the central Arizona-Phoenix area",26
knb-lter-cap.31.8,doi:10.6073/pasta/4c64f6b38fb4702d6cd2d9edab5ee9fd,"Ecology Explorers educational data: bird data from multiple school locations in the central Arizona-Phoenix area",48
knb-lter-cap.32.7,doi:10.6073/pasta/393539777ea333269fec4ec8f1da7d21,"Ecology Explorers educational data: bruchid data from multiple school locations in the central Arizona-Phoenix area",18
knb-lter-cap.320.6,doi:10.6073/pasta/b2ebeff6985a5ba367df80b4eedee18e,"Three year average ozone concentrations within the Greater Pheonix Area, 2003 to 2005",8
knb-lter-cap.320.9,doi:10.6073/pasta/cfc98bf97d1ac00020d0c87cf4897db7,"Three year average ozone concentrations within the central Arizona-Phoenix area, period 2003 to 2005",16
knb-lter-cap.323.6,doi:10.6073/pasta/26d9048e4996965f2f891306171b082a,"Precipitation Analysis of the CAPLTER Research Area from 2000 to 2005",39
knb-lter-cap.33.9,doi:10.6073/pasta/1568bb1b63c5dab32b6bf3a3a56754e6,"Ecology Explorers educational data: vegetation data from multiple school locations in the central Arizona-Phoenix area",25
knb-lter-cap.34.9,doi:10.6073/pasta/95ffcd4c1e726ee62094b157a7550c1b,"Spatial-temporal change of climate in relation to urban fringe development in central Arizona-Phoenix",27
knb-lter-cap.344.5,doi:10.6073/pasta/32d3c7470f15865bc9e92c52a3c2bb05,"Monthly analysis of maximum and minimum air temperature of Central Arizona, 2000 to 2005",48
knb-lter-cap.344.8,doi:10.6073/pasta/0e6b3e0037a2a225c0ab682bf2f9d9bb,"Monthly maximum air temperature in April (6 year mean) for the central Arizona-Phoenix area, 2000-2005",48
knb-lter-cap.35.9,doi:10.6073/pasta/b42232d6a82b3849d075569f9a3edc43,"Land use effects on temperature and humidity along an urban-rural transect gradient in central Arizona-Phoenix",7
knb-lter-cap.36.8,doi:10.6073/pasta/7a45000db60abd2ef72020c8f5df3337,"Land use effects on temperature and humidity along an urban-rural transect gradient in central Arizona-Phoenix, 1999: CO2 conce",8
knb-lter-cap.36.9,doi:10.6073/pasta/a101d33a5ef30712ecb5b6ac6510f6a1,"Land use effects on temperature and humidity along an urban-rural transect gradient in central Arizona-Phoenix, 1999",9
knb-lter-cap.366.10,doi:10.6073/pasta/9e130ea786ed5c7e55e15c23714c8b8d,"Phoenix Area Social SurveyASS II Phoenix Area Social Survey II - performed during 2006 in the Central Arizona-Phoenix area",2
knb-lter-cap.366.7,doi:10.6073/pasta/b9dfb166830fc2ba7aaf70344a478500,"Phoenix Area Social SurveyASS II Phoenix Area Social Survey II - performed during 2006 in the Central Arizona-Phoenix area",2
knb-lter-cap.368.6,doi:10.6073/pasta/56fe156d054f1ea1386711eddab7d595,"Landuse map of the Maricopa County (1995)",4
knb-lter-cap.368.9,doi:10.6073/pasta/a5dce090553e5832a3cccf17db1f209a,"Land use map of Maricopa County, central Arizona: period 1995",4
knb-lter-cap.37.9,doi:10.6073/pasta/75901d417ff409efa3a1aa9a62d2b0c6,"Long-term monitoring of surface water in central Arizona-Phoenix: period 1997 to 2008",13
knb-lter-cap.370.6,doi:10.6073/pasta/ae0f0789695a978f22726eb9dfc97f06,"SAVI (Soil Adjusted Vegetation Index) of the 2005 Landsat Thematic Mapper Image",2
knb-lter-cap.370.9,doi:10.6073/pasta/a2d6ecca51b7de509c15c0fe642fb813,"SAVI (Soil Adjusted Vegetation Index) image of central Arizona-Phoenix from a 2005 Landsat Thematic Mapper image",2
knb-lter-cap.371.5,doi:10.6073/pasta/c8c288bacf5143f24087eb7541729cd2,"NDVI (Normalized Difference Vegetation Index) of the 2005 Landsat Thematic Mapper Image",2
knb-lter-cap.371.8,doi:10.6073/pasta/045f99b54a588ead99c1649289a53ac1,"NDVI (Normalized difference vegetation index) image of central Arizona-Phoenix from a 2005 Landsat Thematic Mapper image",2
knb-lter-cap.372.6,doi:10.6073/pasta/fb364cf9b0684606ba6750789c461941,"Land cover classification using Landsat Enhanced Thematic Mapper (ETM) data - year 2000",2
knb-lter-cap.372.9,doi:10.6073/pasta/8594a0b06afaa4041cdcb13d30b5e50d,"Land cover classification using Landsat Enhanced Thematic Mapper (ETM) data - year 2000",2
knb-lter-cap.375.7,doi:10.6073/pasta/3c1e4c267477ba1b0742c39b049c94ea,"Sycamore Creek macroinvertebrate collections after flooding event",0
knb-lter-cap.376.6,doi:10.6073/pasta/fce5a7fd22f9b5ca179fab1d68a94986,"Urban forest classification based on 1997 Landiscor aerial photo",2
knb-lter-cap.376.9,doi:10.6073/pasta/d5a707fead5592ebb5b533ffac7db3f4,"Urban forest classification of the central Arizona-Phoenix area from a Landiscor image, year 1997",1
knb-lter-cap.377.6,doi:10.6073/pasta/d1806a4c458c7d3d7de86a0abd091fa0,"Land cover classification using Landsat Enhanced Thematic Mapper (ETM) data - year 2005",2
knb-lter-cap.377.9,doi:10.6073/pasta/6c29c57b9c618161dab7f573cda8c0d3,"Land cover classification of central Arizona-Phoenix using Landsat Enhanced Thematic Mapper (ETM) data, year 2005",2
knb-lter-cap.378.5,doi:10.6073/pasta/454c25869ccdc5ac2a1fd2b96df5434d,"Spectrally unmixed percent impervious surface, soil, and vegetation cover in CAPLTER",2
knb-lter-cap.378.8,doi:10.6073/pasta/717dc20f8ea3162af23103f81f778677,"Spectrally unmixed percent of impervious surface, soil, and vegetation cover in central Arizona-Phoenix, year 2000",1
knb-lter-cap.38.8,doi:10.6073/pasta/24470c822cedbf4ddddd5fed7bc13361,"Urban storm runoff study conducted in the central Arizona-Phoenix area: period June 1998",8
knb-lter-cap.381.7,doi:10.6073/pasta/62b4d496fc2ae7b60880f9cc75a77e0b,"Soil N2O and NO emissions from an arid, urban ecosystem in central Arizona-Phoenix",6
knb-lter-cap.381.8,doi:10.6073/pasta/8aa0497d5f112e71d4da246e8618adc8,"Soil N2O and NO emissions from an arid, urban ecosystem in central Arizona-Phoenix",7
knb-lter-cap.382.7,doi:10.6073/pasta/6000bf24a9742197a3c776ddaffaeb57,"Effects of surface mulches on abiotic properties of drip-irrigated xeric landscapes in central Arizona-Phoenix",60
knb-lter-cap.383.8,doi:10.6073/pasta/3445d075400a560ddf59a8f34741f60f,"Mycorrhizae in an experimental urban landscaped site in central Arizona-Phoenix",14
knb-lter-cap.383.9,doi:10.6073/pasta/2550df6bad9f555fa95f3c6f00ea61e6,"Mycorrhizae in an experimental urban landscaped site in central Arizona-Phoenix",14
knb-lter-cap.384.6,doi:10.6073/pasta/43488f5a1f8a7552ea668fa345ea88ad,"Data for modelling spatial patterns and determinants of atmospheric carbon dioxide concentrations in Phoenix metro area",6
knb-lter-cap.384.8,doi:10.6073/pasta/4a387d91d3c68ae6329d1b96cad7ae69,"Data for modelling spatial patterns and determinants of atmospheric carbon dioxide concentrations in Phoenix metro area",6
knb-lter-cap.384.9,doi:10.6073/pasta/2326683857e1722688bfc864f96e0adf,"Data for modelling spatial patterns and determinants of atmospheric carbon dioxide concentrations in Phoenix metro area",6
knb-lter-cap.385.6,doi:10.6073/pasta/fff63bbd0f7fd71b7efc35f34c777c91,"MYCORRHIZAL DIVERSITY AND EFFECTS ON BRITTLEBUSH IN A SONORAN DESERT URBAN ECOSYSTEM",12
knb-lter-cap.385.7,doi:10.6073/pasta/135fc72947c21d8eb835a0d3b53fc8c8,"Mycorrhizal diversity and effects on brittlebush in a Sonoran desert urban ecosystem",13
knb-lter-cap.389.7,doi:10.6073/pasta/60b63704feda79365e834862084573a4,"Tree health analysis in the Phoenix Metropolitan Area",23
knb-lter-cap.39.9,doi:10.6073/pasta/532336066b1193325541208326758801,"Lichen resurvey with heavy metal analysis in Maricopa County, central Arizona, period 1998",42
knb-lter-cap.393.6,doi:10.6073/pasta/e3c9f4023c4da05220596283c67d1274,"Atmospheric deposition sampling across an urban gradient, using passive resin collectors",14
knb-lter-cap.394.7,doi:10.6073/pasta/66b91a5f5745b40ea854194d2aea5252,"Point Count Bird Censusing Data Subset for Paper 'EFFECTS OF LAND USE AND VEGETATION COVER ON BIRD COMMUNITIES' Walker et. al",16
knb-lter-cap.395.6,doi:10.6073/pasta/c9ee552d16be5134ef78840c80ac57ec,"Effects of land cover and water availability on brittlebush (Encelia farinosa) flowering phenology and its pollinator community.",6
knb-lter-cap.395.7,doi:10.6073/pasta/d1825785942a304f2df8a1c7e9358ab9,"Effects of land cover and water availability on brittlebush (Encelia farinosa) flowering phenology and its pollinator community.",12
knb-lter-cap.396.6,doi:10.6073/pasta/102e3945a76a7edbb3d22d3a4034b57d,"Riparian Carbon and Nitrogen Cycling: Influences of Spatial Heterogeneity and Hydrologic Vectors",10
knb-lter-cap.40.11,doi:10.6073/pasta/8390b9093122762e56bf266a9114d725,"Water Use and flooding in central Arizona-Phoenix: comparison of water and carbon dioxide uptake by selected plant species among residential patch transition types, from 1998 to 1999.",14
knb-lter-cap.41.10,doi:10.6073/pasta/d7a706bffb970222dc89ccd740f7f430,"Long-term monitoring of ground-dwelling arthropods in the central Arizona-Phoenix area",2
knb-lter-cap.41.12,doi:10.6073/pasta/6c52b263205c10b8d797bc04c44ef5e9,"Long-term monitoring of ground-dwelling arthropods in central Arizona–Phoenix, ongoing since 1998",0
knb-lter-cap.41.13,doi:10.6073/pasta/fb78e7a1f3a9d8fab603138f993c1125,"Long-term monitoring of ground-dwelling arthropods in central Arizona–Phoenix, ongoing since 1998",0
knb-lter-cap.41.14,doi:10.6073/pasta/74d30fdbb17e0f76b54548ce74bf27e4,"Long-term monitoring of ground-dwelling arthropods in central Arizona–Phoenix, ongoing since 1998",14
knb-lter-cap.41.15,doi:10.6073/pasta/493d3a2d1715982a4f4285425226b16f,"Long-term monitoring of ground-dwelling arthropods in central Arizona-Phoenix, ongoing since 1998",0
knb-lter-cap.43.10,doi:10.6073/pasta/8c5ba523593d68003671bd488d305ed4,"Transect bird survey with data synthesis from multiple transects in the central Arizona-Phoenix area: period 1998 to 2000",16
knb-lter-cap.44.9,doi:10.6073/pasta/4595c45a6032f55d359d9b814fcb6437,"Vertebrate species composition of remnant desert islands within central Arizona-Phoenix urban areas: period 1998-1999",15
knb-lter-cap.45.9,doi:10.6073/pasta/2c9be6c639c4e7b40f04ff5cf734ceac,"Scorpion stings in urban environments in the central Arizona-Phoenix area: 1996-1997",23
knb-lter-cap.46.10,doi:10.6073/pasta/968fdef1d893a35cf4690fefc5296eaf,"Point count bird censusing: long-term monitoring of bird distrubution and diversity in central Arizona-Phoenix: period 2000 to",32
knb-lter-cap.46.11,doi:10.6073/pasta/00610037a1700ef51b86735bc48a23c2,"Point count bird censusing: long-term monitoring of bird distrubution and diversity in central Arizona-Phoenix: period 2000 to 2011",16
knb-lter-cap.46.12,doi:10.6073/pasta/cc7181cd38ce3a19e32708caebdf13de,"Point-count bird censusing: long-term monitoring of bird abundance and diversity in central Arizona-Phoenix, ongoing since 2000",0
knb-lter-cap.46.13,doi:10.6073/pasta/27092d40978e469a8dbd2a0ca25df7aa,"Point-count bird censusing: long-term monitoring of bird abundance and diversity in central Arizona-Phoenix, ongoing since 2000",0
knb-lter-cap.46.14,doi:10.6073/pasta/d6f29d5aba5b22c65b0656c86214958a,"Point-count bird censusing: long-term monitoring of bird abundance and diversity in central Arizona-Phoenix, ongoing since 2000",3
knb-lter-cap.46.15,doi:10.6073/pasta/201add557165740926aab6e056db6988,"Point-count bird censusing: long-term monitoring of bird abundance and diversity in central Arizona-Phoenix, ongoing since 2000",19
knb-lter-cap.46.16,doi:10.6073/pasta/e12ec9719c0cd7c7f85a645072742959,"Point-count bird censusing: long-term monitoring of bird abundance and diversity in central Arizona-Phoenix, ongoing since 2000",10
knb-lter-cap.49.8,doi:10.6073/pasta/e4e1dec4db7be0e12247c60c7708eeb6,"Analysis of nutrients and data synthesis, mass balance: central Arizona-Phoenix metropolitan area",10
knb-lter-cap.501.5,doi:10.6073/pasta/2652212d7fa36be318332b7f8feae820,"Land cover classification using Landsat (MSS) data for the Central Arizona-Phoenix area - year 1979",2
knb-lter-cap.501.8,doi:10.6073/pasta/5b85a523d9d37040e5276c74faa97064,"Land cover classification using Landsat (MSS) data for the Central Arizona-Phoenix area - year 1979",2
knb-lter-cap.502.6,doi:10.6073/pasta/1101977ce954490c76d34033ba9cce20,"Land cover classification of the Central Arizona-Phoenix area using Landsat Thematic Mapper (TM) data - year 1985",2
knb-lter-cap.502.9,doi:10.6073/pasta/d96dab7472e4e2bbfd7c855ce4fdd822,"Land cover classification of the Central Arizona-Phoenix area using Landsat Thematic Mapper (TM) data - year 1985",2
knb-lter-cap.503.6,doi:10.6073/pasta/ff970c676f81aa20c57d5cb86a550c3c,"Land cover classification of the Central Arizona-Phoenix area using Landsat Thematic Mapper (TM) data - year 1991",2
knb-lter-cap.503.9,doi:10.6073/pasta/3c8a858111e37fb7cb78c397e56627f0,"Land cover classification of the Central Arizona-Phoenix area using Landsat Thematic Mapper (TM) data - year 1991",2
knb-lter-cap.504.6,doi:10.6073/pasta/29d212a9db49dad5ec6b1f6aeaebbe74,"Land cover classification of the Central Arizona-Phoenix area using Landsat Thematic Mapper (TM) data - year 1995",2
knb-lter-cap.504.9,doi:10.6073/pasta/0485ea08e6edc7d00a25dbfcf39bae28,"Land cover classification of the Central Arizona-Phoenix area using Landsat Thematic Mapper (TM) data - year 1995",2
knb-lter-cap.505.7,doi:10.6073/pasta/c1900b58daeb67c9e169c145c80d846f,"Geospatial Analysis of Phoenix Sky Harbor International Airport Runways Noise, 1999, 2004, and 2015",18
knb-lter-cap.505.8,doi:10.6073/pasta/fd0274796345590f909d31c02219ff25,"Geospatial Analysis of Phoenix Sky Harbor International Airport Runways Noise, 1999, 2004, and 2015",18
knb-lter-cap.505.9,doi:10.6073/pasta/798669819fdf5205c5838b97431d470f,"Runways of Sky Harbor International Airport, Phoenix Arizona - year 1999",18
knb-lter-cap.514.10,doi:10.6073/pasta/20595edb6518d09206edce74d02bd349,"End of the first growth period in central Arizona-Phoenix 2001-2002 (Day of Year)",84
knb-lter-cap.514.5,doi:10.6073/pasta/c909c31e5fc8301b0530efa9957c24e8,"End of the first growth period in 2001-2002 (Day of Year)",84
knb-lter-cap.514.9,doi:10.6073/pasta/29f2df75b0fc0c24dd79a1495d887991,"End of the first growth period in central Arizona-Phoenix 2001-2002 (Day of Year)",84
knb-lter-cap.556.10,doi:10.6073/pasta/662f91059ce2be807a7d5412aee25d7a,"Institutional drivers of urban growth in the central Arizona-Phoenix area",2
knb-lter-cap.557.9,doi:10.6073/pasta/2e8772c51ceb79d896f10039f104a2d9,"Environmental fate of combustion-derived organic compounds in arid, urban soils in central Arizona-Phoenix",7
knb-lter-cap.558.10,doi:10.6073/pasta/eba9ddf3a20653ebb8f52c0cda2bd9e9,"Urban heat island: temperature climate trends in central Arizona-Phoenix: period 1948 to 2007",4
knb-lter-cap.558.11,doi:10.6073/pasta/7de79bd1b450d26a038b3409cf86ebe5,"Urban heat island: temperature climate trends in central Arizona-Phoenix: period 1948 to 2007",15
knb-lter-cap.559.12,doi:10.6073/pasta/c72948e9c99760b3e8e43519d48c8313,"Ecophysiological and behavioral adaptations of birds to rapid urbanization of a desert environment in central Arizona-Phoenix, from 2006 to 2008.",7
knb-lter-cap.56.7,doi:10.6073/pasta/c140eab9cb895b18d8b779917614c9c9,"Land cover classification of Central Arizona-Phoenix using Landsat Thematic Mapper (TM) data - year 1985",2
knb-lter-cap.56.9,doi:10.6073/pasta/ca7e1ff940d6c53af71f30dace2ba468,"Land cover classification of Central Arizona-Phoenix using Landsat Thematic Mapper (TM) data - year 1985",2
knb-lter-cap.560.11,doi:10.6073/pasta/b2816b49ca5a3c4a315988877d55dc3e,"Phoenix Area Social Survey (PASS): 2006",0
knb-lter-cap.560.12,doi:10.6073/pasta/58256ca74c23677cceaa52f16b650a34,"Phoenix Area Social Survey (PASS): 2006",4
knb-lter-cap.560.7,doi:10.6073/pasta/3364b8514358ad09515ef0d62f8bce76,"Phoenix Area Social Survey (PASS)",8
knb-lter-cap.560.9,doi:10.6073/pasta/fc7e9d5c6c030b2e9bbf8bf050d519a0,"Phoenix Area Social Survey (PASS)",4
knb-lter-cap.561.9,doi:10.6073/pasta/fcb0e2bc31e18537932facad63900534,"Hierarchical regulation of nitrogen export from urban catchments in central Arizona-Phoenix",6
knb-lter-cap.562.10,doi:10.6073/pasta/b2615dd0ed796e899446e46b75c56643,"Arbuscular mycorrhizal fungal diversity and functioning in urban desert preserves and surrounding deserts in the central Arizona",8
knb-lter-cap.562.9,doi:10.6073/pasta/36da7cff9cdcfd086fbb912e7d9c3125,"Arbuscular mycorrhizal fungal diversity and functioning in urban desert preserves and surrounding deserts in the central Arizon",8
knb-lter-cap.563.9,doi:10.6073/pasta/0fd8805ee8c04cef14626b6ea37c7a6b,"Water surface elevations of the base flood for the central Arizona Flood Insurance Rate Maps (FIRM)",11
knb-lter-cap.569.9,doi:10.6073/pasta/863dab2a65506121d937f734e9167f0a,"Study area of the Central Arizona-Phoenix Long Term Ecological Research (CAP LTER) project initiated in 1997",3
knb-lter-cap.570.4,doi:10.6073/pasta/0cd5f6adc0621a8cc57cef16c06e2084,"A Budget and Spatial Representation of Phosphorus in CAP-LTER",58
knb-lter-cap.570.7,doi:10.6073/pasta/6056693feb1947e18c46125fe8f3984d,"A budget and spatial representation of Phosphorus in the central Arizona-Phoenix area",58
knb-lter-cap.571.3,doi:10.6073/pasta/137edb2c60f9efdada217b9ae21b18d7,"Control of arthropod abundance, richness, and composition in a heterogeneous desert city",8
knb-lter-cap.571.6,doi:10.6073/pasta/22e305a8950091fe4d71ebec6142ecea,"Control of arthropod abundance, richness, and composition in the central Arizona-Phoenix metropolitan area",8
knb-lter-cap.573.6,doi:10.6073/pasta/8953bca512b83e1cde884a5915085b7c,"Physiological consequences of urbanization to Sonoran Desert birds",5
knb-lter-cap.574.3,doi:10.6073/pasta/a524219043af5a7ff323f99dfa603620,"Herpetofauna and Riparian Microhabitat of Urban and Wildland Reaches Along the Salt River, Arizona",32
knb-lter-cap.574.5,doi:10.6073/pasta/049bccc3257cc3dd935e0324392d791f,"Herpetofauna and Riparian Microhabitat of Urban and Wildland Reaches Along the Salt River, Arizona",33
knb-lter-cap.575.1,doi:10.6073/pasta/50f8d3ad15d4b87cd5c0ddb14f9d274e,"Ordinary Kriging Precipitation Time Series for surrounding CAPLTER areas, 1999 to 2011",42
knb-lter-cap.575.3,doi:10.6073/pasta/97a658a606c87646dca61e47bf40b68a,"Ordinary Kriging Precipitation Time Series for surrounding CAPLTER areas, 1999 to 2011",29
knb-lter-cap.577.1,doi:10.6073/pasta/dd579db21f426d83dbcebda3556be3e1,"The role of moss as integrators of soil and stream nutrient status in deserts, Greater Phoenix area, Arizona, 2011 to 2013",0
knb-lter-cap.577.2,doi:10.6073/pasta/3c51f50d0d37e96fb6b55e206b8069a4,"The role of moss as integrators of soil and stream nutrient status in deserts, Greater Phoenix area, Arizona, 2011 to 2013",2
knb-lter-cap.584.2,doi:10.6073/pasta/7ed1e795e37baa876128f472fccb14b9,"Community gardening in disadvantaged neighborhoods in Phoenix, Arizona, March 2010: Aligning programs with perceptions",3
knb-lter-cap.584.4,doi:10.6073/pasta/9ec9d3132a2fd07141e83221d3012679,"Community gardening in disadvantaged neighborhoods in Phoenix, Arizona, March 2010: Aligning programs with perceptions",3
knb-lter-cap.591.1,doi:10.6073/pasta/fed17d67583eda16c439216ca40b0669,"Eddy covariance data measured at the CAP LTER flux tower located in the west Phoenix, AZ neighborhood of Maryvale from 2011-12-16 through 2012-12-31",2
knb-lter-cap.606.3,doi:10.6073/pasta/dbc87b6afa268b58024b89b987d0704e,"Water chemistry in Sycamore Creek, Phoenix Arizona, 2010 to 2013",0
knb-lter-cap.606.4,doi:10.6073/pasta/9bdfac7208ccff6c9432f092afcaec63,"Water chemistry in Sycamore Creek, Phoenix Arizona, 2010 to 2013",3
knb-lter-cap.616.1,doi:10.6073/pasta/9c75ed0f6ea2775e8f5c5a6860f5b618,"Food availability, energetic constraints, and reproductive development in a wild bird: Central Arizona Phoenix",5
knb-lter-cap.617.1,doi:10.6073/pasta/32416eb97551423e3da075cb4a5ec803,"Regional Drinking Water Quality Monitoring Program",0
knb-lter-cap.617.2,doi:10.6073/pasta/ba2c71481f0a8d661c1f3d0621468b7d,"Regional drinking water quality monitoring program: long-term monitoring of water quality in select canals, reservoirs, and treatment plants of the greater Phoenix metropolitan area drinking water system, ongoing since 1998",18
knb-lter-cap.618.1,doi:10.6073/pasta/f68b7aafb55c82c543c1c58f86d3e73e,"How surface rock cover affects water and nutrient availability of Sonoran Desert annual plants -- Honors Thesis",1
knb-lter-cap.619.1,doi:10.6073/pasta/067ad2a382f57463607124104035ab2d,"Land use and land cover (LULC) classification of the CAP LTER study area using 2010 Landsat imagery",27
knb-lter-cap.620.1,doi:10.6073/pasta/f97fbfa653ff0c2c351fe40a3803023b,"MODIS/ASTER (MASTER) imagery and derived data in select neighborhoods of the greater Phoenix metropolitan area",3
knb-lter-cap.621.1,doi:10.6073/pasta/ba0bdb443003a3eb6f79984c3def5268,"Biogeochemical cycling in xeric yards",3
knb-lter-cap.623.1,doi:10.6073/pasta/f4aced7e801f1b5e14b43cf755199c04,"CAP LTER land cover classification using 2010 National Agriculture Imagery Program (NAIP) Imagery",3
knb-lter-cap.624.1,doi:10.6073/pasta/4aab7e31b8f141bf9bd4f4a8f574cf37,"Stormwater runoff and water quality in urbanized watersheds of the greater Phoenix metropolitan area",0
knb-lter-cap.624.2,doi:10.6073/pasta/1bdaf5e8a2fa47ca47852943a36cb256,"Long-term monitoring of stormwater runoff and water quality in urbanized watersheds of the greater Phoenix metropolitan area, ongoing since 2008",8
knb-lter-cap.626.1,doi:10.6073/pasta/4e7028078c760696e16e54d1bae6a8a0,"Bird surveys along the Salt River in and near the greater Phoenix metropolitan area: 2012-2013",4
knb-lter-cap.627.1,doi:10.6073/pasta/bd3971ec2f36a933ba39f6523eea888f,"Long-term monitoring of herpetofauna along the Salt River in and near the greater Phoenix metropolitan area",0
knb-lter-cap.627.2,doi:10.6073/pasta/4e87c8af8085fed38249f6b1080a45dc,"CAP LTER: long-term monitoring of herpetofauna along the Salt River in and near the greater Phoenix metropolitan area, ongoing since 2012",0
knb-lter-cap.627.3,doi:10.6073/pasta/2999764ec0527e78d44cc9ea9fc14bf0,"Long-term monitoring of herpetofauna along the Salt and Gila Rivers in and near the greater Phoenix metropolitan area, ongoing since 2012",1
knb-lter-cap.627.4,doi:10.6073/pasta/bd08c7fffa401185904e14db1a69f78b,"Long-term monitoring of herpetofauna along the Salt and Gila Rivers in and near the greater Phoenix metropolitan area, ongoing since 2012",10
knb-lter-cap.628.1,doi:10.6073/pasta/916b22a46f0ffdf3f707a1bfef2817dd,"North Desert Village Experiment",16
knb-lter-cap.628.2,doi:10.6073/pasta/966d6f8a5b2f01e225ae4a32e2ea520a,"North Desert Village Experiment - a landscaping experiment in neighborhoods of the greater Phoenix metropolitan area: 2003-2014",28
knb-lter-cap.629.1,doi:10.6073/pasta/dd5f47bd551ee9bfdd6e6105bd6c28fa,"Analysis of rooftop surface temperatures in an urban residential environment",20
knb-lter-cap.630.1,doi:10.6073/pasta/59d2e20260ad78d887e9bf3dd8987db4,"Water-quality monitoring in Tempe Town Lake, Tempe, AZ, ongoing since 2005",10
knb-lter-cap.631.1,doi:10.6073/pasta/77d398c7725e94425c1c8f29b5ff4179,"Phoenix Area Social Survey (PASS): 2011",0
knb-lter-cap.631.2,doi:10.6073/pasta/9034d91d5688d442427f83a29defa202,"Phoenix Area Social Survey (PASS): 2011",0
knb-lter-cap.631.3,doi:10.6073/pasta/f20f3140caec89a82648e2cf7981cde6,"Phoenix Area Social Survey (PASS): 2011",0
knb-lter-cap.631.4,doi:10.6073/pasta/8b31cbdfd761169fa524bb40bd35a5cf,"Phoenix Area Social Survey (PASS): 2011",0
knb-lter-cap.631.5,doi:10.6073/pasta/f39a2c9d8e78e6d7a949e93af12e9bf9,"Phoenix Area Social Survey (PASS): 2011",14
knb-lter-cap.632.1,doi:10.6073/pasta/b03f4964215418dd50478a8a9ca8863a,"Desert Fertilization Experiment: investigation of Sonoran desert ecosystem response to atmospheric deposition and experimental nutrient addition, 2006-2016",0
knb-lter-cap.632.2,doi:10.6073/pasta/ffa10a1e87d764278121be95ab6e08a0,"Desert Fertilization Experiment: investigation of Sonoran desert ecosystem response to atmospheric deposition and experimental nutrient addition, ongoing since 2006",0
knb-lter-cap.632.3,doi:10.6073/pasta/aa3a96147f9ea7c7c357b6be0b3274a0,"Desert Fertilization Experiment: investigation of Sonoran desert ecosystem response to atmospheric deposition and experimental nutrient addition, ongoing since 2006",0
knb-lter-cap.632.4,doi:10.6073/pasta/8eeb694b46f19b3ef5d876f74685c854,"Desert Fertilization Experiment: investigation of Sonoran desert ecosystem response to atmospheric deposition and experimental nutrient addition, ongoing since 2006",0
knb-lter-cap.632.5,doi:10.6073/pasta/29677d2578d8536626667704e31eb6dc,"Desert Fertilization Experiment: investigation of Sonoran desert ecosystem response to atmospheric deposition and experimental nutrient addition, ongoing since 2006",0
knb-lter-cap.632.6,doi:10.6073/pasta/716c8698b72b14e09d0c354ca833aa34,"Desert Fertilization Experiment: investigation of Sonoran desert ecosystem response to atmospheric deposition and experimental nutrient addition, ongoing since 2006",27
knb-lter-cap.632.7,doi:10.6073/pasta/8b30a6b459b693f26a5367a3443994ee,"Desert Fertilization Experiment: investigation of Sonoran desert ecosystem response to atmospheric deposition and experimental nutrient addition, ongoing since 2006",70
knb-lter-cap.632.8,doi:10.6073/pasta/4c6f448b98be6aa1b33d2115288c4684,"Desert Fertilization Experiment: investigation of Sonoran desert ecosystem response to atmospheric deposition and experimental nutrient addition, ongoing since 2006",0
knb-lter-cap.633.1,doi:10.6073/pasta/8db5ed1d496591f1bea77a78de2986a7,"Ecology of the Tres Rios Constructed Treatment Wetland, Phoenix, AZ: 2011-2015",0
knb-lter-cap.633.2,doi:10.6073/pasta/3eb1f02c8db033f63a144a6f9d778fa7,"Long-term monitoring and research of the ecology of the Tres Rios constructed treatment wetland, Phoenix, AZ, ongoing since 2011",6
knb-lter-cap.634.1,doi:10.6073/pasta/6849e6e3ecc196de0f3c8491eb375cc3,"Phoenix Area Social Survey (PASS): 2001",0
knb-lter-cap.634.2,doi:10.6073/pasta/7ac3f3918d7f2cd1be04edb13961149c,"Phoenix Area Social Survey (PASS): 2001",5
knb-lter-cap.635.1,doi:10.6073/pasta/29b3be821edcf6a0ef939658205152cb,"Ecological legacies of prehistoric agricultural practices in arid and semi-arid ecosystems of the southwestern US",4
knb-lter-cap.636.1,doi:10.6073/pasta/1f2f61b3b74bb82cd50ac6b192d33b51,"CAP LTER weather stations, Papago Park and Lost Dutchman State Park: 2010-2016",0
knb-lter-cap.636.2,doi:10.6073/pasta/5a9b714e9314f5d7910b6c0bf3a42fcd,"CAP LTER weather stations, Papago Park and Lost Dutchman State Park: 2010-2016",0
knb-lter-cap.636.3,doi:10.6073/pasta/958d537027ee6d90f0862549756fcd8a,"CAP LTER weather stations at Papago Park and Lost Dutchman State Park in the greater Phoenix metropolitan area, ongoing since 2010",0
knb-lter-cap.636.4,doi:10.6073/pasta/d71b531ce7473146c297332c9816193b,"CAP LTER weather stations at Papago Park and Lost Dutchman State Park in the greater Phoenix metropolitan area: long-term monitoring of microclimate, ongoing since 2006",0
knb-lter-cap.636.5,doi:10.6073/pasta/4339a00aae585affd0eb6f70bd78ce44,"CAP LTER weather stations at Papago Park and Lost Dutchman State Park in the greater Phoenix metropolitan area, ongoing since 2010",0
knb-lter-cap.636.6,doi:10.6073/pasta/837b76a728a891881fa64ce5f7a5125b,"CAP LTER weather stations at Papago Park and Lost Dutchman State Park in the greater Phoenix metropolitan area, ongoing since 2010",0
knb-lter-cap.637.1,doi:10.6073/pasta/7778912bd4ff67099d4b839967300f36,"Vegetation surveys at CAP LTER ripirain-area bird-monitoring locations in the greater Phoenix metropolitan area (2013)",0
knb-lter-cap.637.2,doi:10.6073/pasta/656a9a954c2914a4d65566ebb1ee7416,"Vegetation surveys at CAP LTER ripirain-area bird-monitoring locations in the greater Phoenix metropolitan area (2013)",0
knb-lter-cap.637.3,doi:10.6073/pasta/75ac46d5374c289f826ed99dd65ffdc4,"Vegetation surveys at CAP LTER ripirain-area bird-monitoring locations in the greater Phoenix metropolitan area (2013)",4
knb-lter-cap.638.1,doi:10.6073/pasta/180e1dbf5b2e61945b50c56fc0d3b742,"The conservation value of residential yards: Linking birds and people",29
knb-lter-cap.639.1,doi:10.6073/pasta/15cca8b8a2050edeba216e033b2f7d4e,"Linking foraging decisions to residential yard bird composition",7
knb-lter-cap.64.10,doi:10.6073/pasta/f284bf4920fc94cfe26ebd3ec8cb1c76,"Land cover classification of the Central Arizona-Phoenix area using Landsat Thematic Mapper (TM) data - year 1990",2
knb-lter-cap.64.7,doi:10.6073/pasta/67f84dfbd97717c880ce77b3ead8cfc8,"Land cover classification of the Central Arizona-Phoenix area using Landsat Thematic Mapper (TM) data - year 1990",2
knb-lter-cap.640.1,doi:10.6073/pasta/e7fb691d6b4bf6974ece085f22ab63fc,"Homeowner Associations as a vehicle for promoting native urban biodiversity",3
knb-lter-cap.641.1,doi:10.6073/pasta/7f6cfeea73c6deedf4b51b90edba65cd,"Point-count bird censusing: long-term monitoring of bird abundance and diversity along the Salt River in the greater Phoenix metropolitan area, ongoing since 2013",0
knb-lter-cap.641.2,doi:10.6073/pasta/56286200f92e171fa061f6cd2da6a08d,"Point-count bird censusing: long-term monitoring of bird abundance and diversity along the Salt River in the greater Phoenix metropolitan area, ongoing since 2013",0
knb-lter-cap.641.3,doi:10.6073/pasta/4b5a4be8e753f2ff918cd0227428c4ff,"Point-count bird censusing: long-term monitoring of bird abundance and diversity along the Salt River in the greater Phoenix metropolitan area, ongoing since 2013",3
knb-lter-cap.642.1,doi:10.6073/pasta/e7b77cbab05c23e6d35b5fd88c1a43fb,"Point-count bird censusing: bird abundance and diversity in CAP LTER Phoenix Area Social Survey neighborhoods throughout the greater Phoenix metropolitan area: 2006-2016",0
knb-lter-cap.642.2,doi:10.6073/pasta/5221043355e20fabfb21fb83ecee974c,"Point-count bird censusing: bird abundance and diversity in CAP LTER Phoenix Area Social Survey neighborhoods throughout the greater Phoenix metropolitan area, 2006-2016",8
knb-lter-cap.643.1,doi:10.6073/pasta/936c171c681e68c02185eaa43f06264e,"Long-term monitoring of ground-dwelling arthropods in the McDowell Sonoran Preserve, Scottsdale, Arizona, ongoing since 2012",8
knb-lter-cap.643.2,doi:10.6073/pasta/6ce5de2c3251607d5c939c66d9dccee0,"Long-term monitoring of ground-dwelling arthropods in the McDowell Sonoran Preserve, Scottsdale, Arizona, ongoing since 2012",26
knb-lter-cap.644.1,doi:10.6073/pasta/c6cbed2ba64b548c86bfae57f437fdd7,"Household accessibility to heat refuges: Residential air conditioning, public cooled space, and walkability",5
knb-lter-cap.645.1,doi:10.6073/pasta/969d6d4c537cf0755b91b1c1719acb35,"Heat Death Associations with the built environment, social vulnerability and their interactions with rising temperature",2
knb-lter-cap.646.1,doi:10.6073/pasta/8a525555f54edd083dba0b6bb430f77b,"Phoenix Area Social Survey: 2006 and 2011 Joined Dataset",2
knb-lter-cap.647.1,doi:10.6073/pasta/78d7271ff28ae9b551a02c27892da60c,"Individually experienced temperatures: a heat exposure study in five greater Phoenix, AZ area neighborhoods (2014)",0
knb-lter-cap.647.2,doi:10.6073/pasta/cba2173a40671a8a350c772f3da3214f,"Individually experienced temperatures: a heat exposure study in five greater Phoenix, AZ area neighborhoods (2014)",5
knb-lter-cap.648.1,doi:10.6073/pasta/650bcaf40dd9339eece1d980290eee96,"Evaluating water and energy fluxes across three distinct land cover types in a desert urban environment",11
knb-lter-cap.649.1,doi:10.6073/pasta/d3faef32b43adfadc6c7e4e329068838,"Long-term monitoring of micrometeorological conditions at the CAP LTER flux tower located in the west Phoenix, AZ neighborhood of Maryvale, ongoing since 2010",3
knb-lter-cap.65.10,doi:10.6073/pasta/b8754a020e3d2e2660c0eb3f1c295953,"Land cover classification of the Central Arizona-Phoenix area using Landsat Thematic Mapper (TM) data - year 1993",2
knb-lter-cap.65.7,doi:10.6073/pasta/010037a052cb36269ff3b807363ad80b,"Land cover classification of the Central Arizona-Phoenix area using Landsat Thematic Mapper (TM) data - year 1993",2
knb-lter-cap.650.1,doi:10.6073/pasta/dab4db27974f6c8d5b91a91d30c7781d,"Land cover classification of the CAP LTER study area at five-year intervals from 1985 to 2010 using Landsat imagery",51
knb-lter-cap.651.1,doi:10.6073/pasta/c89e6f25b1ac3b0bf8f13ea538fc490c,"Rephotography along the Salt and Gila Rivers in Maricopa County, AZ between Granite Reef Dam and Gillespie Dam (1895-1999)",421
knb-lter-cap.651.2,doi:10.6073/pasta/832001276f28943fc5e2372caf350018,"Rephotography along the Salt and Gila Rivers in Maricopa County, AZ between Granite Reef Dam and Gillespie Dam (1895-1999)",422
knb-lter-cap.652.1,doi:10.6073/pasta/633dc782d2b01250183442f0435026ab,"Ecological Survey of Central Arizona: a survey of key ecological indicators in the greater Phoenix metropolitan area and surrounding Sonoran desert, ongoing since 1999",0
knb-lter-cap.652.2,doi:10.6073/pasta/0669ee6a71b24abb1ae3827f4ee77f6d,"Ecological Survey of Central Arizona: a survey of key ecological indicators in the greater Phoenix metropolitan area and surrounding Sonoran desert, ongoing since 1999",29
knb-lter-cap.653.1,doi:10.6073/pasta/e2238d289297ba9c9bdba98b7588653c,"Ecological Survey of Central Arizona: a survey of key ecological indicators in parcels of residential areas in the greater Phoenix metropolitan area, ongoing since 2010",0
knb-lter-cap.653.2,doi:10.6073/pasta/010877382bba2163ec3c46bce85988b0,"Ecological Survey of Central Arizona: a survey of key ecological indicators in parcels of residential areas in the greater Phoenix metropolitan area, ongoing since 2010",10
knb-lter-cap.654.1,doi:10.6073/pasta/a8ce3e859f142c58a89baa0dd54bd6d3,"Impact of urbanization on small rodent abundance and community composition",15
knb-lter-cap.655.1,doi:10.6073/pasta/1217bf533d4e5c8d6b1efab795c69c77,"Desert Fertilization Experiment: composition of annual plants in study plots within desert preserves in and around the greater Phoenix metropolitan area, spring 2008",3
knb-lter-cap.656.1,doi:10.6073/pasta/938e332ee4fe983a0790de26f9628a22,"Desert Fertilization Experiment: inventory and biovolume of perennial plants in study plots within desert preserves in and around the greater Phoenix metropolitan area, spring 2012",4
knb-lter-cap.657.1,doi:10.6073/pasta/4d176eadd4b0fbff34979d695aecc292,"Desert Fertilization Experiment: ecosystem response to nutrient enrichment across an urban airshed in the Sonoran desert",9
knb-lter-cap.658.1,doi:10.6073/pasta/6c1af9c2a1ecc3c9ed501916210abe55,"Desert Fertilization Experiment: soil pH in study plots within desert preserves in and around the greater Phoenix metropolitan area, 2010 and 2011",6
knb-lter-cap.659.1,doi:10.6073/pasta/1cf9713d1f07c0e19037898ac7ccdc6a,"Impacts of urbanization and nutrient fertilization on mass loss and nutrient dynamics during photodegradation of plant litter",4
knb-lter-cap.66.10,doi:10.6073/pasta/cbbaf8fc31bffe01c9fb6a76ffc48bf4,"Land cover classification of Central Arizona-Phoenix using Landsat Thematic Mapper (TM) data - year 1998",2
knb-lter-cap.66.7,doi:10.6073/pasta/f7a279b14a6153e68abd55fb3a71747a,"Land cover classification of Central Arizona-Phoenix using Landsat Thematic Mapper (TM) data - year 1998",2
knb-lter-cap.660.1,doi:10.6073/pasta/6ff7ea2732e8fc3a0418b56d9c7859c8,"Trace Metal Content of Community Garden Soils in Metro Phoenix, AZ",54
knb-lter-cap.661.1,doi:10.6073/pasta/2a97b8449edc360fbc374cce1aa71e89,"Bioclimatic predictors in Maricopa County, Arizona derived from remotely sensed, daily weather parameters (NASA DAYMET): 2000-2016",133
knb-lter-cap.661.2,doi:10.6073/pasta/ded1548e4ee8611ba587d26432d5e269,"Bioclimatic predictors in Maricopa County, Arizona derived from remotely sensed, daily weather parameters (NASA DAYMET): 2000-2016",98
knb-lter-cap.662.1,doi:10.6073/pasta/88bde1cfeeb4c94774343a943cfe23e8,"Climactic data derived from remotely sensed, daily weather parameters (NASA DAYMET): Maricopa County, AZ (2000-2016)",86
knb-lter-cap.663.1,doi:10.6073/pasta/81b376483df96e9f15f794a569a23ed2,"Flashiness of urban and desert streams in semi-arid Arizona watersheds (2003-2016)",66
knb-lter-cap.663.2,doi:10.6073/pasta/1d9a6588bf8a9aac7d5864a152842d0d,"Flashiness of urban and desert streams in semi-arid Arizona watersheds (2003-2016)",29
knb-lter-cap.663.3,doi:10.6073/pasta/509a82d7569257a961e66d06257520c9,"Flashiness of urban and desert streams in arid Arizona watersheds (2003-2016)",24
knb-lter-cap.664.1,doi:10.6073/pasta/e864c0dd4ff09fb20d6c8b14def6b798,"Ecohydrological monitoring of urban ecological infrastructure at the Arizona State University Tempe Campus (Tempe, Arizona)",35
knb-lter-cap.665.1,doi:10.6073/pasta/12992abf8e60106d7b0d9e186ede7b33,"Social and Heat Vulnerability Indices in Phoenix, Arizona",44
knb-lter-cap.665.2,doi:10.6073/pasta/177f6b35d9c7607a31c03c02d0e569a7,"Social and Heat Vulnerability Indices in Phoenix, Arizona",28
knb-lter-cap.666.1,doi:10.6073/pasta/c1b3326a23fc0064dc7b1feddfd1ee55,"Urban heat island conditions experienced by the Western black widow spider (Latrodectus hesperus): extreme heat slows development but results in behavioral accommodations",39
knb-lter-cap.667.1,doi:10.6073/pasta/98dd5b92117e9d728b09e582fb4d1b17,"Phoenix Area Social Survey (PASS): 2017",12
knb-lter-cap.668.1,doi:10.6073/pasta/f3527e702c8bc0f04837188b91b1cb91,"Numerical summaries of vegetation indices and land surface temperature derived from remotely sensed imagery in Phoenix Area Social Survey (PASS) neighborhoods of central Arizona",36
knb-lter-cap.668.2,doi:10.6073/pasta/ef0b7b8f667e0c4e07fc02694c7040ce,"Numerical summaries of vegetation indices and land surface temperature derived from remotely sensed imagery in Phoenix Area Social Survey (PASS) neighborhoods of central Arizona",0
knb-lter-cap.668.3,doi:10.6073/pasta/e92101ea8e9637d91f5a9ebfd987c3f3,"Numerical summaries of vegetation indices and land surface temperature derived from remotely sensed imagery in Phoenix Area Social Survey (PASS) neighborhoods of central Arizona",0
knb-lter-cap.669.1,doi:10.6073/pasta/8a465e9b76035bffeb00f3a6134eb913,"Normalized Difference Vegetation Index (NDVI) derived from 2010 National Agriculture Imagery Program (NAIP) data for the central Arizona region",53
knb-lter-cap.669.2,doi:10.6073/pasta/bc90bb968fe198c58e6abdfaf8cfa0d5,"Normalized Difference Vegetation Index (NDVI) derived from 2010 National Agriculture Imagery Program (NAIP) data for the central Arizona region",0
knb-lter-cap.670.1,doi:10.6073/pasta/3382f4ad4ac4287768ded16ccbdb6f59,"Normalized Difference Vegetation Index (NDVI) derived from 2013 National Agriculture Imagery Program (NAIP) data for the central Arizona region",42
knb-lter-cap.670.2,doi:10.6073/pasta/845bb4a8b271a542942e47afcc326196,"Normalized Difference Vegetation Index (NDVI) derived from 2013 National Agriculture Imagery Program (NAIP) data for the central Arizona region",0
knb-lter-cap.671.1,doi:10.6073/pasta/1cec448d93395f635506e3abb8aa841d,"Normalized Difference Vegetation Index (NDVI) derived from 2015 National Agriculture Imagery Program (NAIP) data for the central Arizona region",42
knb-lter-cap.671.2,doi:10.6073/pasta/906400c74eae1bf4b736af4d77b17737,"Normalized Difference Vegetation Index (NDVI) derived from 2015 National Agriculture Imagery Program (NAIP) data for the central Arizona region",0
knb-lter-cap.672.1,doi:10.6073/pasta/8b4b471a33c83f274c35dcdc0b5dec75,"Normalized Difference Vegetation Index (NDVI) derived from 2017 National Agriculture Imagery Program (NAIP) data for the central Arizona region",42
knb-lter-cap.672.2,doi:10.6073/pasta/b4cc65eea352cd50ca0256a5139dfd75,"Normalized Difference Vegetation Index (NDVI) derived from 2017 National Agriculture Imagery Program (NAIP) data for the central Arizona region",0
knb-lter-cap.673.1,doi:10.6073/pasta/f4988cde318c85b76b0edbaa3219d682,"Soil-Adjusted Vegetation Index (SAVI) derived from 2010 National Agriculture Imagery Program (NAIP) data for the central Arizona region",65
knb-lter-cap.673.2,doi:10.6073/pasta/ed991a96b1500a0c245ed7faac5457e3,"Soil-Adjusted Vegetation Index (SAVI) derived from 2010 National Agriculture Imagery Program (NAIP) data for the central Arizona region",0
knb-lter-cap.674.1,doi:10.6073/pasta/82f2bd5d8f9e4e7ae6b82066b957e37d,"Soil-Adjusted Vegetation Index (SAVI) derived from 2013 National Agriculture Imagery Program (NAIP) data for the central Arizona region",65
knb-lter-cap.674.2,doi:10.6073/pasta/949a1bf1401772736bf2e46482cf3522,"Soil-Adjusted Vegetation Index (SAVI) derived from 2013 National Agriculture Imagery Program (NAIP) data for the central Arizona region",0
knb-lter-cap.675.1,doi:10.6073/pasta/281c4942e95e9f3246ca67203ec081d0,"Soil-Adjusted Vegetation Index (SAVI) derived from 2015 National Agriculture Imagery Program (NAIP) data for the central Arizona region",65
knb-lter-cap.675.2,doi:10.6073/pasta/5a63cb1d564318c2400fc6a41a475d23,"Soil-Adjusted Vegetation Index (SAVI) derived from 2015 National Agriculture Imagery Program (NAIP) data for the central Arizona region",0
knb-lter-cap.676.1,doi:10.6073/pasta/f715f5f896f5f47118240e3f174e476b,"Soil-Adjusted Vegetation Index (SAVI) derived from 2017 National Agriculture Imagery Program (NAIP) data for the central Arizona region",66
knb-lter-cap.676.2,doi:10.6073/pasta/2007d7a24828b4681f5e19e3606d9591,"Soil-Adjusted Vegetation Index (SAVI) derived from 2017 National Agriculture Imagery Program (NAIP) data for the central Arizona region",0
knb-lter-cap.677.1,doi:10.6073/pasta/c526299a0e4e4f7d6e921aac18528e24,"Remotely-sensed Land Surface Temperature (LST) for the central Arizona region during summer months over five-year periods: 1985-2015",26
knb-lter-cap.680.2,doi:10.6073/pasta/664e1cbe61bab095e8d7da15d757c9b9,"Annual seasonality trends of Normalized Difference Vegetation Index (NDVI), Maricopa County, Arizona, 2001-2018",0
knb-lter-cap.681.1,doi:10.6073/pasta/488c05ee1724ed92b2148f63a00a1c58,"Annual seasonality trends of Enhanced Vegetation Index (EVI), Maricopa County, Arizona, 2001-2018",0
knb-lter-cap.681.2,doi:10.6073/pasta/f882f10ac65f1bbbb30a0db3ae412a5d,"Annual seasonality trends of Enhanced Vegetation Index (EVI), Maricopa County, Arizona, 2001-2018",0
knb-lter-cap.682.2,doi:10.6073/pasta/23161f1bba07248c558a2ef0e4c914f4,"Determinative factors of denitrification in a urban, arid wash of central Arizona (2012-2013)",0
knb-lter-cap.684.1,doi:10.6073/pasta/03d3028d65a788d8f58805f681b0e35b,"Nitrogen cycling in accidental urban wetlands in the Salt River (central Arizona, USA): the effects of season, inundation and plants on denitrification (2013-2014)",0
knb-lter-cap.69.9,doi:10.6073/pasta/c63b26c861561e7f6ea0e3a3d734a60f,"Land use change in the central Arizona-Phoenix area 1912 to 1995",4
knb-lter-cap.70.9,doi:10.6073/pasta/50a3abca599b70c981c8fe84832e9412,"Regional E-Atlas of the Greater Phoenix region, Arizona: GP2100 study area",2
knb-lter-cap.73.6,doi:10.6073/pasta/15a01d4c65151dc18f70bbba184a0e14,"NDVI (Normalized difference vegetation index) Image of 1998 Landsat Thematic Mapper Image",2
knb-lter-cap.73.9,doi:10.6073/pasta/dd6a43681d62e38e8e2c7ae00451ba0d,"NDVI (Normalized difference vegetation index) image of central Arizona-Phoenix from a 1998 Landsat Thematic Mapper image",1
knb-lter-cap.74.6,doi:10.6073/pasta/e71aa782878313811af44d714b90bcb1,"NDVI (Normalized difference vegetation index) Image of 1993 Landsat Thematic Mapper Image",2
knb-lter-cap.74.9,doi:10.6073/pasta/10e518658d0d89b0a62e1c35692a87f0,"NDVI (Normalized difference vegetation index) image of central Arizona-Phoenix from a 1993 Landsat Thematic Mapper image",1
knb-lter-cap.75.6,doi:10.6073/pasta/9f018517fb64c373785b166380f44979,"NDVI (Normalized difference vegetation index) Image of 1985 Landsat Thematic Mapper Image",2
knb-lter-cap.75.9,doi:10.6073/pasta/3f0966105720e6d28a45f24e1d4f265a,"NDVI (Normalized difference vegetation index) image of central Arizona-Phoenix from a 1985 Landsat Thematic Mapper image",1
knb-lter-cap.76.6,doi:10.6073/pasta/5fc6096485cf8a177a04f64bbce17edd,"SAVI (Soil Adjusted Vegetation Index) Image of 1990 Landsat Thematic Mapper Image",2
knb-lter-cap.76.9,doi:10.6073/pasta/bc095a62de99aca2ef1b8455363b7172,"SAVI (Soil Adjusted Vegetation Index) image of central Arizona-Phoenix from a 1990 Landsat Thematic Mapper image",1
knb-lter-cap.82.9,doi:10.6073/pasta/2a8802f5937885374f5c72e13ce789da,"Regional E-Atlas of the Greater Phoenix region, Arizona: population change, period 1980-2000",2
knb-lter-cap.85.11,doi:10.6073/pasta/ace88e9e728b3425c44b691bcf9686ef,"SAVI (Soil Adjusted Vegetation Index) Image of 1993 Landsat Thematic Mapper Image for the Central Arizona-Phoenix area",1
knb-lter-cap.85.8,doi:10.6073/pasta/8a236175b9ecc553a933c6510a418a23,"SAVI (Soil Adjusted Vegetation Index) Image of 1993 Landsat Thematic Mapper Image for the Central Arizona-Phoenix area",2
knb-lter-cap.86.11,doi:10.6073/pasta/a53bd752556aaf25e4488336d1489b7d,"SAVI (Soil Adjusted Vegetation Index) Image of 1985 Landsat Thematic Mapper Image for the Central Arizona-Phoenix area",1
knb-lter-cap.86.8,doi:10.6073/pasta/b19b2d105787472860d87a4e2f3a0191,"SAVI (Soil Adjusted Vegetation Index) Image of 1985 Landsat Thematic Mapper Image for the Central Arizona-Phoenix area",2
